business_id,name,latitude,longitude,stars,review_count,categories
MTSW4McQd7CbVtyjqoe9mw,St Honore Pastries,39.9555052,-75.1555641,4.0,80,"Restaurants, Food, Bubble Tea, Coffee & Tea, Bakeries"
MUTTqe8uqyMdBl186RmNeA,Tuna Bar,39.953949,-75.1432262,4.0,245,"Sushi Bars, Restaurants, Japanese"
ROeacJQwBeh05Rqg7F6TCg,BAP,39.943223,-75.162568,4.5,205,"Korean, Restaurants"
QdN72BWoyFypdGJhhI5r7g,Bar One,39.9398245705,-75.1574465632,4.0,65,"Cocktail Bars, Bars, Italian, Nightlife, Restaurants"
Mjboz24M9NlBeiOJKLEd_Q,DeSandro on Main,40.0224662,-75.218314,3.0,41,"Pizza, Restaurants, Salad, Soup"
aPNXGTDkf-4bjhyMBQxqpQ,Craft Hall,39.9625821,-75.1356571,3.5,65,"Eatertainment, Arts & Entertainment, Brewpubs, American (Traditional), Bakeries, Breweries, Food, Restaurants"
ppFCk9aQkM338Rgwpl2F5A,Wawa,39.954573,-75.1948936,3.0,56,"Restaurants, Automotive, Delis, Gas Stations, Food, Coffee & Tea, Sandwiches, Convenience Stores"
3BJxm-HnvzdwD1zjmSbmyQ,Golden Chopstick Chinese Restaurant,39.963077709,-75.1680274529,3.0,137,"Restaurants, Chinese"
WYYdQDjx-DsCanlP0DpImQ,J Sushi,39.9470334,-75.1574339,4.5,72,"Seafood, Restaurants, Sushi Bars, Japanese"
O1oZpbZNDMH_gz8DhsZCdA,Wendy's,40.012141,-75.1150148,1.5,15,"Burgers, Restaurants, Fast Food"
bTve2mwLk5Zc01vRKqc2KQ,Red Hook Coffee & Tea,39.9385518,-75.1496356,4.5,183,"Restaurants, Breakfast & Brunch, Vegan, Bagels, Food, Coffee & Tea"
bqmX882_6AxVA_uHEQ70sQ,Shanghai Station,39.9516153765,-75.2033457223,4.0,46,"Shanghainese, Restaurants, Sushi Bars, Szechuan, Sports Bars, Lounges, Asian Fusion, Thai, Karaoke, Chinese, Nightlife, Bars"
_T0cPZE2ZJOTTlYYKMP64Q,Brown Sugar Bakery & Cafe,39.9563959,-75.2253784,4.5,66,"Cupcakes, Caribbean, Restaurants, Trinidadian, Food, Bakeries, Cafes"
VbItL6RDULtnw4YvB6EhVg,Jon's Bar & Grille,39.9412993,-75.1477446,3.0,178,"Tex-Mex, Restaurants, American (Traditional), Nightlife, Bars"
0CEUpFtaKhxbmrbSdP9MUQ,Acadia,39.9389483,-75.1564078,4.0,79,"Restaurants, Cajun/Creole, Southern, Nightlife, Cocktail Bars, Breakfast & Brunch, Seafood, Bars"
dChRGpit9fM_kZK5pafNyA,The Love,39.9506555,-75.1708991,4.0,618,"Restaurants, American (New), Breakfast & Brunch, Burgers"
QWqKTWQ2OiDgo3dzNkpung,Jong Ka Jib,40.0520643,-75.1273939,4.5,351,"Korean, Restaurants"
7mpYTDb24SywNMRn3yeakQ,The Twisted Tail,39.9418766,-75.1451988,4.0,604,"Event Planning & Services, Whiskey Bars, American (New), American (Traditional), Venues & Event Spaces, Bars, Nightlife, Restaurants"
5iuo1kvv0XZMS0bUOoLz2Q,Bistro St. Tropez,39.9535919923,-75.1794226902,3.5,163,"Restaurants, French"
bchZXVE4feVx4Q5rhIRCGg,NY Bagel Cafe & Deli,40.0027825,-75.2222705,3.0,52,"Restaurants, Food, Bagels, Breakfast & Brunch, Coffee & Tea, Sandwiches, Delis, American (New)"
ngvE1G9IckUO-ljZBFo23w,Mumbai Bistro,39.947207,-75.1572515,4.0,217,"Indian, Restaurants"
46_2e1hnQ4csLrYnhn6bkw,Whetstone Tavern,39.9408715785,-75.1510468125,4.0,166,"Restaurants, Cocktail Bars, American (New), Desserts, American (Traditional), Nightlife, Bars, Food"
TGfPJHImEq6AQL9a1laxlg,Chick-fil-A,40.08178,-75.0267907,4.0,80,"Event Planning & Services, American (Traditional), Restaurants, Food, Caterers, Fast Food, Chicken Shop, Breakfast & Brunch"
CPgWuWGZ4v2sZr5_-1kluw,Checkers,39.9719414,-75.159771,2.0,21,"Restaurants, Fast Food, Burgers"
VCkSUsdL5P0p16DAPxVROA,NY Bagel & Deli Shop,39.960811,-75.1573883,4.0,31,"Bagels, Food, Breakfast & Brunch, Coffee & Tea, Restaurants, Burgers, Delis"
PW5eZM5RAQEhy3wgovChhQ,Cafe Victoria's,39.958422,-75.158257,3.0,29,"Food, Cafes, Restaurants, Coffee & Tea, Breakfast & Brunch"
kGjpBqAqG4mIuFSgU2KKEA,The Royal Indian Cuisine,39.948365,-75.1744997,4.0,28,"Restaurants, Indian"
kLSEk3qXY1KdtFjxHJ9pww,McDonald's,40.0884161,-74.9650112,1.5,20,"Restaurants, Fast Food, Food, Coffee & Tea, Burgers"
kfGz2E7Y5FLXJyiKbQYfZg,The Irish Times,39.9403745,-75.1456109,3.5,44,"Nightlife, Bars, Beer, Wine & Spirits, Pubs, Irish, Food, Restaurants"
PdMXmOWDRHICAx6SLgu1dQ,24,39.9515211,-75.1798731,3.5,111,"Italian, Bars, Restaurants, Nightlife, Wine Bars, Breakfast & Brunch"
JomDoQafikclSVVCPkWjnA,Cedar Park Cafe,39.94796,-75.22198,4.0,301,"Diners, Restaurants, Sandwiches, Breakfast & Brunch, Vegetarian"
kq5Ghhh14r-eCxlVmlyd8w,The Coventry Deli,39.953291,-75.173645,4.0,65,"Restaurants, Delis, Salad, Sandwiches"
pP4q0Mym-qt20nRqTKbzhQ,Morton's The Steakhouse,39.949603,-75.1649701595,3.5,149,"Steakhouses, Restaurants, Nightlife, Seafood, Bars, American (Traditional)"
y1HgVnt4K5owmYXC5yXLGg,Flambo Caribbean Restaurant,39.9686973,-75.1606146,4.5,138,"Trinidadian, Caribbean, Restaurants, Seafood"
RrqRin8BYGrTlJbCDwtLzA,Wawa,39.9510885597,-75.1989988336,3.5,50,"Delis, Gas Stations, Food, Convenience Stores, Restaurants, Automotive, Coffee & Tea, Sandwiches"
IgNDlyLERBwFGphgcC5VDQ,Cosi,39.9487514826,-75.1604487143,2.5,63,"Sandwiches, Vegetarian, Pizza, Food, Coffee & Tea, Delis, Restaurants, American (New)"
L_sXNadtVHjxMw7Yhvkj9Q,Naoki Ramen,39.955454,-75.1549,4.0,92,"Ramen, Restaurants, Japanese"
HuDNHqKv9n1mWpe4BqCnwA,Minas Pizza,40.0352350987,-75.2167929785,3.0,54,"Restaurants, Pizza"
BxR5hjyBnJZrm_nnaCtGQw,The Lunar Inn,39.9822933,-75.1031599,4.5,29,"Bars, Food, Restaurants, Beer, Wine & Spirits, American (Traditional), Nightlife"
4TQMOy00KD_54xSFwKgMZw,Ndulge,40.025842293,-75.2243893677,3.5,15,"Restaurants, Thai, Food, Cafes, Cupcakes"
NQSnr4RPUScss607oxOaqw,Chase's Hop Shop,40.0603863,-75.0845897,4.5,116,"Chicken Wings, Nightlife, Bars, Delis, Food, Beer Gardens, Sandwiches, Beer Bar, Restaurants, Beer, Wine & Spirits, Gastropubs"
V6Om7YZhlRQRU7WfuxHq8Q,Beck's Cajun Cafe,39.9533224742,-75.1590000821,4.0,485,"Restaurants, Cajun/Creole"
DOl21AqtT74dUZ3kvXNNcA,Golden Triangle,39.9415201345,-75.1509702725,4.5,159,"Restaurants, Malaysian, Burmese, Asian Fusion, Thai"
I4TFiNX5gTsJBnEGH2Tl8Q,Benna's West,39.931855,-75.168473,3.5,47,"Juice Bars & Smoothies, Sandwiches, Food, Restaurants, Coffee & Tea"
PvT44WlqJLkUrCITo6AjRA,Breakfast Boutique Chestnut Hill,40.0771492176,-75.2087070076,3.0,151,"Breakfast & Brunch, Restaurants"
N1ZXhAVzOzbyCBPEXTaUUw,Tandoor Authentic Indian Restaurant,39.9551144,-75.202451,3.5,148,"Food Delivery Services, Halal, Food, Restaurants, Buffets, Pakistani, Indian"
y44MbCvvtmg1FpkNGSWisw,Tony's Luke,39.8773236045,-75.2436721818,2.5,172,"Cheesesteaks, Restaurants"
xb-qtXVZ7xFr51Se5fAZjg,Saige Café,39.9667910353,-75.1400172338,3.0,14,"Sandwiches, Breakfast & Brunch, Coffee & Tea, Food, Restaurants, Cafes, Juice Bars & Smoothies"
U30ggGzFpXvc2NZYwOW3qg,Mood Cafe,39.9486639126,-75.2158315415,4.5,458,"Cafes, Pakistani, Juice Bars & Smoothies, Restaurants, Ice Cream & Frozen Yogurt, Halal, Indian, Coffee & Tea, Food"
68ThEdiK0eWCEgGEmV9Tng,Southgate,39.9455687,-75.1717901,4.0,323,"Breakfast & Brunch, American (Traditional), Korean, Restaurants, Gastropubs, Nightlife, Bars, Cocktail Bars"
TttFjRQ-8Iz8by4hsD7iOQ,Angelina's,39.940221217,-75.1557966694,4.5,49,"Restaurants, Italian"
di5ihAL9VWoctHelY8kLTQ,Gigi and Big R,39.9512903,-75.1992768,4.0,81,"Restaurants, Food, Caribbean, Food Trucks"
Pb5agnsD9EdCl6yuZp2jJA,O Sole Mio,39.9378287,-75.1482632,4.5,85,"Food, Seafood, Sardinian, Gelato, Restaurants, Pizza, Italian"
Bw0cpnfI-Y9QmjWzqS-oFg,Izumi,39.929738,-75.1633963,4.0,219,"Restaurants, Sushi Bars, Desserts, Food, Japanese"
1w1H1kYUN60zpfdP-0qmGQ,Machismo Burrito Bar,40.0626011,-75.2372078,3.0,30,"Restaurants, Mexican"
3VKE0_-KhU_qMYHxcyVcDg,Just To Serve You Too,40.029648,-75.1322934,3.0,68,"Seafood, Restaurants, Soul Food, Southern"
kgMEBZG6rjkGeFzPaIM4MQ,McDonald's,39.9394402,-75.1668049,2.0,55,"Fast Food, Food, Restaurants, Coffee & Tea, Burgers"
fKDV_dlDhXd7P5kZi97Kng,The Spot,39.9483749,-75.1744886,3.0,80,"Breakfast & Brunch, Pizza, Greek, Restaurants, Food"
XgLrkmIqIrD_pl67lAovEQ,The Bourse,39.9498192516,-75.1486551501,2.0,35,"Food Court, Shopping, Shopping Centers, IT Services & Computer Repair, Local Services, Souvenir Shops, Restaurants"
B6qHZCAs7Nka-1zdjCzAIQ,Butter's Soul Food,39.9741307,-75.1815903,3.0,77,"Food, Caterers, Event Planning & Services, Restaurants, Soul Food"
cLlBDZxYJ1dt1JgMuZnXew,Olly,39.9408776,-75.1511064,4.0,51,"Pizza, Food, Bagels, Sandwiches, Comfort Food, Breakfast & Brunch, Burgers, American (New), Nightlife, Bars, Wine Bars, Restaurants"
V5KiEoH4E86GA2S3RQkf1g,Spice Grill,39.9862724,-75.094699,3.5,12,"Restaurants, Chinese, Asian Fusion"
MMRRS6YhVRx_iN5-JhMRYg,Han Dynasty,39.9567105161,-75.1971027811,4.0,783,"Restaurants, Chinese, Szechuan"
icp_IKE9zIkAqAucyS1vTA,Hakka Beef House,39.9554945,-75.1552563,4.5,33,"Restaurants, Chinese"
A0F-h3xJm_6gHDKcDQwSrQ,Capogiro Gelato,39.9541715545,-75.2013800841,4.0,252,"Pizza, Restaurants, Gelato, Coffee & Tea, Ice Cream & Frozen Yogurt, Food"
ugSVRAKO6mxvsrElFg8USw,México Lindo,39.926402,-75.1575374,4.5,73,"Mexican, Restaurants"
mpVZG520RL-K1YeQi55ZPg,The Blarney Stone,39.9548253,-75.2009783,3.5,46,"Burgers, American (Traditional), Karaoke, Pubs, Restaurants, Nightlife, Bars"
bKppmYKQ_-9cpp2yziB-Qw,Lincoln Chicken Pizza And Grill,39.9738754,-75.1794242,2.5,20,"Cheesesteaks, Chicken Wings, Restaurants, Pizza"
K8b2MQ5Az59-nzvqUfjJEQ,The Farm and Fisherman,39.944935,-75.1606759,4.0,234,"American (New), Restaurants"
PxEiXqMAzzvp8GFlb5EoLg,Grain Exchange,40.059508,-75.190838,3.5,239,"Restaurants, American (New), Nightlife, American (Traditional), Pubs, Southern, Bars, Gastropubs"
w0zKpH49tW6Y-b6ZJzKMFw,Chuck's Alibi,40.061417,-75.0833451,2.0,76,"Food, Restaurants, Seafood"
eqNutOMnPqKa9QDAY6KfEw,J'aime French Bakery,39.948081,-75.1608093,4.5,310,"Food, Juice Bars & Smoothies, Coffee & Tea, Restaurants, Bakeries, Cafes"
8cLbpSZOHnmzxzDNSBGQCA,About BBQ,39.9554168697,-75.1554945434,4.0,14,"Barbeque, Restaurants"
CB7nXPd5h_YLzcgfDo2DCg,Mike's Breakfast,40.045729,-75.11891,3.0,15,"Restaurants, Breakfast & Brunch"
7lwe7n-Yc-V9E_HfLAeylg,Pub & Kitchen,39.9456566,-75.1747733,3.5,615,"Restaurants, Pubs, Food, Bars, American (New), Nightlife"
5m3ND7lNNd6zo-bNQGoXhQ,Three 12 Sport Bar and Lounge,39.9499452,-75.146352,2.5,33,"Lounges, Sports Bars, Bars, Cocktail Bars, Nightlife, Restaurants, American (Traditional)"
7J81xJFlMM244_f05k2egw,Hammerheads Bar & Grille,40.0374692,-75.0417837,2.5,15,"Dive Bars, Restaurants, American (Traditional), Nightlife, Bars"
oBhJuukGRqPVvYBfTkhuZA,Square 1682,39.9508011,-75.1686108,3.5,385,"American (New), Breakfast & Brunch, Bars, Nightlife, Restaurants"
04UD14gamNjLY0IDYVhHJg,Dmitri's,39.9380132,-75.1481307,4.0,273,"Mediterranean, Restaurants, Seafood, Greek"
7sKfrJmjG6unAQeWdQUe2w,Franzone's Pizzeria & Restaurant,40.026465,-75.2244958,3.5,110,"Pizza, Restaurants"
14ZGwnDyydXdSBsLXpSUrA,Vientiane Café,39.9483087,-75.2178905,4.0,304,"Vietnamese, Restaurants, Food, Thai, Coffee & Tea, Laotian"
AY1SyySRyTnBwBdf7qfGxQ,Citi Market place,39.9489105,-75.1630155,4.5,86,"Grocery, Vegan, Food, Vegetarian, Convenience Stores, Restaurants"
9XpU6r6ATXSWYfbU7kibaQ,Passero's Coffee Roasters,39.9542012,-75.1674658,4.5,91,"Coffee & Tea, Restaurants, Food, Coffee Roasteries, Sandwiches"
cz0sBSp8G2R2dqE6cccbuw,Wit or Witout Cheesesteaks,40.0378039,-75.0387664,2.5,37,"Restaurants, Cheesesteaks, Sandwiches"
ld1b8y_PHH6Mn_e7T0u04g,Gachi Sushi and Noodle,39.8946117,-75.2292952,4.0,95,"Noodles, Japanese, Restaurants, Sushi Bars"
ejRuEF2j8_w5qQbwEQ8GfQ,Villagio Pizza Cafe,39.9851818,-75.1067498,3.0,47,"Pizza, Breakfast & Brunch, Restaurants"
zVmW-ohNzhOPiBIeUPL62g,Goody's Pizza,40.0274889,-75.0611831,2.0,25,"Restaurants, Pizza"
T8lxi3V2avTVXCanVkAFNg,Pizza Hut,39.9130548,-75.149704,1.5,25,"Italian, Chicken Wings, Restaurants, Pizza"
fr2qDm_mY1afIGMvqsKUCg,George's Wings,40.0643044322,-74.9868814021,3.5,50,"American (Traditional), Fast Food, Restaurants, Chicken Wings, Food, Seafood, Sandwiches, Wraps, Burgers"
GOSVLhjUT6TnrPhkkmDOpw,Vineyards Cafe,39.969939,-75.163026,4.5,192,"Coffee & Tea, Cafes, Food, Creperies, Internet Cafes, Restaurants, Breakfast & Brunch"
kOHcpCZQd4uNp6G2uE8o2A,PrimoHoagies,39.9209271,-75.1733058,4.0,43,"Delis, Restaurants, Italian, Local Flavor, Sandwiches"
h85b3MFPWyaopMBy8DpBpA,Ron's Caribbean Cuisine,40.0407573,-75.1448014,4.0,142,"Restaurants, Food, Ethnic Food, Cafes, Caribbean, Specialty Food"
w9hS5x1F52Id-G1KTrAOZg,Wiz Kid,39.9509958568,-75.1723086834,4.5,163,"Vegan, Restaurants, Fast Food, Cheesesteaks"
_tADqh3OmH6CzGJWKkru3g,Latin Flavor,39.9422752,-75.1532337,4.5,10,"Latin American, Caribbean, Cuban, Restaurants"
c8rjE6NcfeyzLB_aU1GdMA,Sláinte Pub & Grill,39.954815805,-75.1836068183,3.5,139,"Nightlife, Bars, Restaurants, Irish, Pubs"
mCo2uVTTGYrEhRrkQW-CMw,Empress Garden,39.9539403,-75.1563093,4.0,263,"Taiwanese, Chinese, Noodles, Restaurants"
ydIiHK4TE_wd7gAyifNUAQ,Chinese Restaurant,39.9538392,-75.1563293,4.5,27,"Restaurants, Chinese"
afsP-p_pr4ikrboB5MtUzQ,Los Compadres,39.9553865,-75.1910637,4.0,12,"Mexican, Italian, Food Trucks, Restaurants, Food"
7MaaaorooHRAqkQXcTqmrg,Nannie Francos Pizza,39.922527,-75.1644732,3.0,13,"Pizza, Restaurants"
tVxL-Ygzwp8NMuxwvNmWRA,Los Potrillos,40.0123759,-75.1124633,4.0,17,"American (Traditional), Spanish, Restaurants, Food Trucks, Mexican, Food"
rVfe1LHo55A2fworkm_jVw,Capofitto,39.9485775068,-75.1450225711,4.5,205,"Bars, Gelato, Breakfast & Brunch, Italian, Food, Nightlife, Restaurants, Pizza"
O6hY9yenifuRXrpc4TfgsQ,The Blue Duck,40.0571673033,-75.0304835714,4.0,495,"Restaurants, American (New), Burgers, Breakfast & Brunch, Sandwiches"
-V0vIgo6196MDn_x3ZaYmA,La Creperie Cafe,39.9506242,-75.1697297,3.5,146,"Restaurants, Cafes, Creperies"
ZMJz4ekxrcZdhBcnK4B_6g,Kurry Shack,39.9229257,-75.1525267,3.5,29,"Vegetarian, Specialty Food, Health Markets, Halal, Indian, Restaurants, Food"
kLS3Sth5HvO0IjrXCCvXxA,Wawa,39.953351,-75.172624,2.5,45,"Food, Automotive, Convenience Stores, Coffee & Tea, Gas Stations, Sandwiches, Restaurants"
sdWuLh-auc0nC2Jy6_26AQ,The Black Sheep Pub & Restaurant,39.9484223,-75.1692901,3.5,339,"Bars, Pubs, Irish Pub, Nightlife, Sports Bars, Restaurants, American (New)"
jFmS7S0kU5ZQHSm4jqymQw,Vegetate,39.9539284,-75.1886632,3.0,19,"Sandwiches, American (New), Vegetarian, Vegan, Breakfast & Brunch, Restaurants"
3CsBRtDT5WOUu8IY0mHhXw,Slices Pizza,40.0096537,-75.1954732,4.0,122,"Pizza, Food, Restaurants"
REns5fQe45Nk_D2UwQyr0w,Barra Restaurant,39.948818,-75.1456539,2.5,117,"Restaurants, Bars, Pizza, Nightlife, Italian"
1NCUTTp6rIyXpwUDVv9qOA,Lazos Pizza & Grill,39.9727751034,-75.1789870874,4.0,176,"Pizza, American (Traditional), Restaurants, Italian"
HHWTWs8sa7cE3ksH3_BCTw,Fa Caldo Caffe,39.9280696,-75.1602342,4.5,19,"Coffee & Tea, American (New), Restaurants, Food"
qHCfhWPyb1GXpzq9Wk3Vkg,New England Pizza,40.0400368,-75.0662936,3.0,22,"Pizza, Restaurants"
OP-m-Kq-1aEWrrlaszFi9w,Ramble Pizza,39.9793657,-75.1253492,4.5,19,"Restaurants, Pizza, Food, Food Trucks"
mUIBtlWNPD7sz3rGGWQ1RA,Kanella,39.9463322,-75.1579478,4.5,579,"Mediterranean, Food, Greek, Restaurants, Breakfast & Brunch"
_FlhRk9KjdXyE0sLxUdEBQ,Commonwealth Kitchen,40.04186,-75.0275663,3.5,38,"Cheesesteaks, Restaurants, Pizza, American (Traditional)"
dSPA4yql9vUwnYRxHiVtHA,Makiman Sushi,39.9466853,-75.1639951,3.5,209,"Sushi Bars, Japanese, Restaurants"
Utc1KFuFQ-wwLiUTj5FvmA,Domino's Pizza,39.9178706,-75.1869588,2.0,26,"Sandwiches, Pizza, Restaurants, Chicken Wings"
Tdz-vjDRKI6LRzyaW3BMkg,Charlie's Roast Pork,39.9315335419,-75.1496175304,4.5,30,"Restaurants, Breakfast & Brunch, Sandwiches"
gq4zw-ru_rkZ2UBIanaZFQ,McDonald's,39.9720955382,-75.1588091254,1.0,38,"Fast Food, Food, Burgers, Coffee & Tea, Restaurants"
BWITd9JUXP3gSi1z3Y-z8g,In Riva,40.0078746,-75.1924072,4.0,729,"Italian, Food, Nightlife, Pizza, Bars, Cocktail Bars, Beer, Wine & Spirits, Restaurants"
4EDFnzdMBdrL4tujAA2QZQ,Philippine Jeepney Grill,40.0575027,-75.0525701,3.5,12,"Specialty Food, Food, Filipino, Restaurants, Ethnic Food"
8LonS_bxNmCDk3FWiG9lzA,Tomo Sushi & Ramen,39.951923,-75.144335,4.5,193,"Japanese, Restaurants, Ramen, Sushi Bars"
Ydo8zFl1PaO--g5zwyVyVg,Loco Lucho's Latino Kitchen,39.9531593,-75.1590984,3.5,40,"Spanish, Restaurants, Latin American, Puerto Rican, Caribbean, Cuban"
xruWHK8Z5N0JWyQubLHjgA,Potito's Italian American Pastries,39.9210221,-75.1744313,3.5,88,"Food, Restaurants, Bakeries"
TFnGJlA5l_HDdzGDkNTdTA,Smiths Restaurant and Bar,39.9522486027,-75.1716919961,3.0,225,"American (New), Bars, Nightlife, Lounges, Restaurants"
dO4iyNK2KzLMe1kXLCskbw,St. Declan's Well,39.952126,-75.186438,3.5,30,"Nightlife, Music Venues, Irish, Pubs, Irish Pub, Arts & Entertainment, Food, Restaurants, Breweries, Bars, Beer, Wine & Spirits"
2er_V-oAd7IbQ5YTY56r7A,Bareburger - Midtown Village,39.9489334,-75.1595088,4.0,622,"Restaurants, Burgers, American (New), Food, American (Traditional), Nightlife, Bars, Cocktail Bars, Salad"
FmQygwfW_x8AkEWLXESezQ,Dough Boy Pizza,40.036154,-75.0881369,4.5,11,"Restaurants, Pizza"
I5KZm-NnxYeEQsmp6nK5_w,Las Cazuelas Restaurant BYOB,39.9698623,-75.1439919,4.0,338,"Food, Tacos, Mexican, Latin American, Restaurants, Spanish"
P8QLcGZZOPgl9w_3ARBKiQ,Hai Street Kitchen & Co,39.954687,-75.202181,3.5,100,"Japanese, Asian Fusion, Restaurants"
zUJMvjK6aBeQtVCowZ85-w,Panasian Buffet,40.0308845266,-75.1041150063,3.5,62,"Pan Asian, Japanese, Buffets, Restaurants, American (Traditional), Chinese, Seafood"
WZPCfTRiN4ipajP7gFfziA,The Centennial Cafe,39.9849894194,-75.2161406602,3.5,26,"Restaurants, Coffee & Tea, Food, Breakfast & Brunch, Sandwiches"
eJhXqSKaYzDS4WBeDq8vEQ,Bistro La Bête,39.9280043,-75.1600446,5.0,15,"French, Restaurants"
6jNFUIKiCCKnLCpGJpkyrg,McDonald's,40.0323183,-75.106562376,1.0,22,"Fast Food, Restaurants, Food, Coffee & Tea, Burgers"
zwTmOj4B_OVPMTMYijQiKg,Queen Sheba,39.9489954358,-75.2135489881,4.0,64,"Nightlife, Restaurants, Sports Bars, Bars, Ethiopian"
UhIdCsdiWS4K0EkbvVdlAw,Ed's Pizza House,40.0474259,-75.1507643,1.5,24,"Restaurants, Pizza"
Bih0eT_lbbCUwKmGYpX0hw,Ricci's Hoagies,39.9353601,-75.1615836,4.0,67,"Restaurants, Italian, Sandwiches"
qot32tHVWZpiJibLTwQGyw,Pina's Pizza,40.0694581,-75.2398454,3.5,47,"Restaurants, Italian, Pizza, Seafood"
RI33oswGDkIsc0fuQ8GzjA,Oregon Steaks,39.91579,-75.1653879,3.5,184,"Restaurants, Cheesesteaks, Sandwiches, Steakhouses, Local Flavor"
ukt4QdEiwDubi991eF75TA,Paseo Tapas Bar,39.9684914,-75.176962,2.5,11,"Tapas Bars, Restaurants"
E-DcL1u330qwvoxXhipmUQ,George's Sandwich Shop,39.9388315986,-75.1579846257,4.0,93,"Italian, Cheesesteaks, Restaurants, Sandwiches"
GUNpbcLvHZLE3NpOifjNUQ,Slate,39.9519011,-75.175709,3.0,124,"Restaurants, Bars, American (New), Nightlife"
eFvzHawVJofxSnD7TgbZtg,Good Karma Cafe,39.9446092,-75.1578331,4.0,249,"Food, Cafes, Coffee & Tea, Restaurants"
NOPk3f5TedR-fw9HO4VJlQ,Athenian Restaurant,40.0259565956,-75.0442917475,4.0,27,"Food, American (New), Diners, Restaurants, American (Traditional)"
zYty3y2eQZQfdCSzyUUbzw,Valley Shepherd Creamery,39.953168623,-75.1589321091,4.5,32,"American (New), Grocery, Specialty Food, Cheese Shops, Food, Restaurants"
c6r29yLfVhZaSyrtsNVLRQ,The Palace of Indian,39.9299499,-75.1629175,4.0,88,"Restaurants, Indian"
mNu6xYO2bn-rvacN12h9WA,In & Out Pizza,40.0700275,-75.1575821,2.0,36,"Pizza, Restaurants"
SIoCIxjn4jLt2O-4DajWJw,Mac's Tavern,39.949794,-75.144739,3.5,446,"Nightlife, Restaurants, American (New), Bars, Pubs"
pj8Y-5vfbRitnnm2xJFH9w,Jamaican Jerk Hut,39.944275,-75.166787,2.5,276,"Caribbean, Restaurants"
XpTNCVbO5wL1DtDyKzKqfA,Holmesburg Bakery,40.0410115,-75.0284172,4.0,79,"Restaurants, Food, Bakeries"
eoooZrFnFZhRVuBH_LGcQw,A Taste of Jamaica,40.0638727,-75.1524294,3.5,14,"Caribbean, Southern, Restaurants"
skW4boArIApRw9DXKXukkA,Champps Penn's Landing,39.9206642975,-75.1416778564,2.5,38,"American (Traditional), Sandwiches, Restaurants"
fYXCk6Usfd2wzyaBBIM4dw,Rasavat,40.0859735,-75.0463612,5.0,28,"Restaurants, Indian"
6LCZLGa09Qifn6rG7-DNrg,Erawan Thai Cuisine,39.953793,-75.155832,3.5,180,"Thai, Restaurants"
_kSaLnFZIEpOZEg6ZIxKvQ,High Point Cafe,39.9673949,-75.1696764,4.0,28,"Coffee & Tea, Creperies, Bakeries, Cafes, Food, Restaurants"
B2TRCYPklp7a8Ipcz5y-BA,Halal Gyro King,39.95187,-75.159913,4.5,24,"Food Trucks, Halal, Food, Street Vendors, Sandwiches, Middle Eastern, Food Stands, Restaurants"
wAUkOyvAoyE6F7zuQ3g_UA,Flow State CoffeeBar,39.981907,-75.127012,5.0,25,"Gelato, Restaurants, Cafes, Food, Coffee & Tea"
YSQkA13M3dVSrWynCqybaA,The Pink Dolphin,39.9665611,-75.1399345,3.0,36,"Food, Restaurants, Grocery, Delis, Specialty Food, Health Markets"
J-ciDDEdIHMcChGIyKZnOg,Cake Life Bake Shop,39.970468014,-75.1345396622,4.5,241,"Caterers, Cafes, Event Planning & Services, Food, Cupcakes, Bakeries, Restaurants, Desserts"
XBdaG2kQ2Iz9VNGPZokjYg,Maria's Ristorante on Summit,40.0567171,-75.2363521,3.5,98,"Italian, Pizza, Restaurants"
WIv5kTb_P3jnngPkMeRRNw,Jay's Favorite Sushi Bar,39.950303,-75.166856,3.5,97,"Sushi Bars, Restaurants, Japanese"
C_EtrXTygRX5RTUOKtO6Dg,Copabanana,39.9515586,-75.2032578,3.0,334,"Nightlife, Bars, Restaurants, American (Traditional)"
10wt8eSXI_PZfl9dRIiWmg,Rangoli: Vibrant Flavors of India,40.110566,-75.0238988,4.0,89,"Pakistani, Specialty Food, Halal, Restaurants, Indian, Health Markets, Vegetarian, Vegan, Ethnic Food, Food"
AbtYqoBGuvlWmR1gU0c3XA,Foodery,39.9448121788,-75.158305077,3.5,113,"Food, Delis, Beer, Wine & Spirits, Restaurants"
7x76ngzub3j4PijMHm71nQ,Fratelly Pizza & Restaurant,40.0478786128,-75.0593309498,2.0,20,"Pizza, Italian, Sandwiches, Restaurants"
vA5MHe9LqNQcp8k_CaFkHg,Dagwood's Pub,40.0506387,-74.9997615712,4.0,123,"Restaurants, Pubs, Nightlife, Bars, Seafood"
NDHgJsy-4Lb6WhERPXPs0A,Alena’s Cafe,40.0513741,-75.1849412,5.0,29,"Cafes, Restaurants"
gIdsoqeal31OEuBXhAaPPw,Cornerstone Inn,40.033236,-75.215314,3.5,10,"Breakfast & Brunch, American (Traditional), American (New), Restaurants, Sports Bars, Bars, Nightlife"
WA2dW8HafdFte-dEWStZzg,Kato's Cajun,39.9515705,-75.1680038,2.5,18,"Cajun/Creole, Restaurants"
-OIUunijjcq_ZzyyQhPPFQ,Zorba's Taverna,39.9671642,-75.1748969,4.5,510,"Restaurants, Greek, Mediterranean"
VJEzpfLs_Jnzgqh5A_FVTg,Jasmine Rice - Rittenhouse,39.9470839462,-75.1682054067,3.5,307,"Soup, Thai, Restaurants, Salad"
1UNorskttXSWuEcgzKzXcA,Xochitl,39.9428742,-75.1456449,3.5,453,"Lounges, Restaurants, Asian Fusion, Mexican, Latin American, Nightlife, Bars"
0qbMXG1Aw3a2beoQhU52lQ,Al Sham Restaurant - Philadelphia,40.0300231,-75.1803247,3.5,37,"Restaurants, Halal, Kebab, Middle Eastern"
hUX1yAimviBIhb21D_KtcQ,Cactus Restaurant & Bar,40.0245627,-75.2209958,3.0,312,"Mexican, Restaurants, Bars, Tex-Mex, Nightlife"
RVLF2RaStLkJiQCqBHknDw,Mom Mom's Kitchen and Polish Food Cart,39.9439859,-75.167449,5.0,91,"Food, Polish, Food Trucks, Street Vendors, Restaurants"
0JoB3ThhI-DS78-1Ks1EUQ,Hibachi 2 Go,39.9242167,-75.1703845,3.5,105,"Sushi Bars, Japanese, Restaurants"
17Y8circEnkMMXKfLo8Ztg,Bitar's,39.9346516,-75.1602726,4.0,154,"Restaurants, Middle Eastern, Falafel, Bakeries, Food, Greek, Mediterranean"
DGvkU7CkdBs6lNbncQmF3A,Franklin's,40.0110062,-75.189062,3.5,129,"Restaurants, Burgers, Nightlife, Beer, Wine & Spirits, American (New), Bars, Food, Karaoke, Sports Bars"
MF5-JPr0auUkY_WLTTVUaA,Tacodelphia,39.9448608451,-75.1652079004,4.0,240,"New Mexican Cuisine, Mexican, Tex-Mex, Tacos, Restaurants"
FHNIvNgh3fS7VZQq2Y3dsA,Cheu Noodle Bar,39.9467949,-75.1577025,4.0,818,"Asian Fusion, Tapas/Small Plates, American (New), Restaurants, Vietnamese, Korean, Noodles, Ramen, Japanese"
LY6OCkHEwfZtdOoQawNkWg,Samosa Vegetarian,39.9488451,-75.1612613,4.5,74,"Indian, Restaurants, Vegetarian, Buffets"
_O_KBH1MStcUkS1xk5pxsg,Franny Lou's Porch,39.9835674,-75.1293858,4.5,68,"Coffee & Tea, Breakfast & Brunch, Books, Mags, Music & Video, Bookstores, Tea Rooms, Bagels, Shopping, Sandwiches, Restaurants, Food"
RjISdNawGnpjsewMTSGgsA,KASUMI SUSHI,39.9102554,-75.1869588,4.0,55,"Restaurants, Japanese, Sushi Bars"
kxX2SOes4o-D3ZQBkiMRfA,Zaika,40.0798480557,-75.025079772,4.0,181,"Halal, Pakistani, Restaurants, Indian"
MUQDp-1rzSN3lCjUycNLug,Dunkin',39.9385148,-75.1981973,2.0,16,"Donuts, Food, Coffee & Tea, Restaurants"
LnZvGYbqozanOSevcftnrw,HipCityVeg - University City,39.953549,-75.202991,4.0,314,"Sandwiches, Food, Burgers, Restaurants, Vegan, Desserts"
RXItVN-qOBgbp_vBalAkOw,Goldie,39.953074,-75.192585,4.5,46,"Mediterranean, Falafel, Restaurants, Fast Food"
jULIPydhMj18KOI5OHTwfA,Buena Onda,39.9609147337,-75.1708267829,4.0,552,"Tacos, Restaurants, Mexican"
7BmboJEmyQ_DAgTCoCgpgg,Vientiane Bistro,39.9881000819,-75.1282148436,4.5,67,"Vegan, Restaurants, Laotian, Asian Fusion, Thai, Cafes"
UjXH7iq8eYauQoGswkxGYw,Wawa,40.0607947,-75.1920424,2.5,28,"Food, Restaurants, Convenience Stores, Delis, Coffee & Tea, Sandwiches"
kkcQYuF3w5iHnHMf0EnRhQ,Joe's Steaks + Soda Shop,40.0185131,-75.0581372,4.5,380,"Sandwiches, Restaurants, Cheesesteaks"
7yPzOek7Af2dKWGYKpcHWA,Khmer Kitchen,39.9274110049,-75.1556555182,4.5,372,"Restaurants, Cambodian"
vUrTGX_7HxqeoQ_6QCVz6g,Suraya,39.9736865005,-75.1339557767,4.5,1121,"Active Life, Beer Gardens, Grocery, Middle Eastern, Specialty Food, American (New), Parks, Cafes, Food, Nightlife, Restaurants, Coffee & Tea, Lebanese"
LdK6Tqr9-QK8eNezCUes9A,Mel's Kitchen,40.0359954,-75.2359063583,4.5,206,"Sandwiches, Soup, Cheesesteaks, Event Planning & Services, Breakfast & Brunch, Restaurants, Caterers"
mFE9V6LPpsDRUQLEBsBRRA,Pearl of East,39.9186353,-75.1824221,3.0,17,Restaurants
r2cjbHG_WGWUkaPCbLpo-A,Philly Fusion & Grill Chicken Bowl,39.962004,-75.1722752,4.0,20,"Restaurants, American (Traditional)"
DytKODMqcvQ7MWA0NN2uNw,Lloyd Whiskey Bar,39.9713575331,-75.127588677,4.0,210,"Nightlife, Restaurants, Wine Bars, Cocktail Bars, Gastropubs, Bars, American (New), Lounges"
gCcJTKC40CL0XtYYGfcXDw,Smiley's Cafe,40.024774,-75.2214354,4.5,423,"Juice Bars & Smoothies, Food, Mediterranean, Greek, Restaurants, Sandwiches"
t5RIuLUvE5fxr0TaRWxeQg,Il Tartufo,40.0255207,-75.2232588,3.0,85,"Italian, Restaurants"
9EkU93HxB6gMAvuvkfVqVA,Park Manor Deli,40.0303618,-75.1799143,2.5,16,"Delis, Cheesesteaks, Restaurants, Sandwiches"
WRMlifrYLjRY8q5YUUbfZA,iPho Vietnamese Restaurant,39.9674553,-75.169558,3.5,151,"Vietnamese, Restaurants"
BkzPB-keyU1Ri1Fd8YuiAw,Happy Joy Family Restaurant,39.9710521,-75.1582199,4.5,21,"Breakfast & Brunch, American (Traditional), Restaurants"
wCluBbW9nzS7MEMFltMwJw,Tasties,39.9717941,-75.2261989,2.5,106,"Food, Imported Food, Food Trucks, Desserts, Seafood, Steakhouses, Ethnic Food, Sandwiches, Soul Food, Specialty Food, Restaurants"
FnEkr6LzjuGsg93Z7fkl7Q,Misconduct Tavern,39.954395,-75.169849,3.0,131,"Bars, American (New), Nightlife, Restaurants"
Bmh7d4yVxpgLPQ8KLcy_4Q,Mediterra Grill,39.9887627,-75.249793,3.5,36,"Restaurants, American (New), Salad, Sandwiches, Mediterranean"
fB_VJEJTIMyWv5hC9T-xwA,So Korean Grill,40.0453172867,-75.1176526374,4.5,77,"Korean, Barbeque, Restaurants"
yYpU8EWucx32OYIIHqP63A,Oteri's Italian Bakery | North 5th St,40.0263283,-75.1324873,2.5,55,"Restaurants, Shopping, Jewelry, Event Planning & Services, Desserts, Bakeries, Caterers, Food"
MoU6F7B9bSLG6Ykan-9G_g,Los Jimenez,39.915332,-75.1584048,4.5,28,"Restaurants, Mexican"
4_W5pstoN1166TGjjPOrMg,Prohibition Taproom,39.9613018,-75.1593118,4.0,618,"American (Traditional), Bars, Nightlife, Restaurants, Beer Bar, Gastropubs, Breakfast & Brunch, Tapas/Small Plates"
AWJyivVwe3t9BO-k8D0ynQ,Cafe Square One,39.9489068,-75.1460802,4.5,245,"Food, Coffee & Tea, Cafes, Salad, Sandwiches, Sushi Bars, Restaurants, Breakfast & Brunch"
SADPX8WX34EQDj_jqtacMw,Bai Wei,39.9554771,-75.1572987,4.0,231,"Chinese, Food, Bubble Tea, Restaurants, Dim Sum, Szechuan"
roc-xyyzN5b_nImb0NdRLQ,Earl of Sandwich,39.8768139466,-75.2398777179,3.5,81,"Restaurants, Sandwiches, Wraps, Salad"
uE40984_YDgVvPeRpFcCaQ,The Fat Ham,39.9524388,-75.1873387,4.0,286,"Southern, Tapas/Small Plates, Restaurants"
HTqXI5S2XcSlh_ylx9sE6g,Termini Bros Bakery,39.9530477103,-75.1590135265,4.0,263,"Food, Restaurants, Bakeries"
mDd3GFkYQKXhTlpm7SHtCQ,Green Basil Thai Kitchen,39.9413000709,-75.1472321594,4.0,74,"Thai, Restaurants"
NMtUD873aWrNjljt3VOcFA,Juniper Commons,39.9440648,-75.1653273,3.5,63,"American (Traditional), Breakfast & Brunch, Restaurants, Diners"
HUp0fqvl0XbZmrCp5FfBjw,Fresh Gulf Seafood,39.920544,-75.188066,4.0,32,"Seafood, Restaurants, Distilleries, Farmers Market, Food"
YIdYc6tQIFRJPNIaPBupYQ,Zio Pizza Palace & Grill,39.955065,-75.1541846,4.0,43,"Fast Food, Italian, Vegetarian, Burgers, Vegan, Restaurants, Pizza, Chicken Wings"
fpde_5H6mH5ufv1tUfBAKQ,Authentic LanZhou Handpulled Noodles,39.9536866,-75.1561742,3.5,32,"Noodles, Restaurants"
j99PtxlKTW_u5alE4jiqHQ,Ralphs Italian Restaurant,39.9400584,-75.1578655,3.5,653,"Restaurants, Italian"
B-DiQpcSTJ7oMMnwzbAGTQ,Cucina Zapata,39.9542886,-75.1855377,4.5,248,"Thai, Food Stands, Restaurants, Mexican"
6CsLAjWXFlLpErBZEmGQ5g,Sky Cafe,39.9208882,-75.173682,4.5,135,"Indonesian, Restaurants"
bpEiVcivZFHixcDGKXQQJA,Valerio Coffee Roasters,40.0252890632,-75.2227872271,4.0,34,"Coffee & Tea, Bagels, Food, Breakfast & Brunch, Restaurants"
5ezrDoezdUlJpUa5Jg6dUQ,In the Valley,39.929453,-75.1636243,4.0,73,"Nightlife, Restaurants, Wine Bars, Bars, Tapas/Small Plates, Cocktail Bars, American (New)"
4RMHlggaIdNibPUJPVEd6w,Bridgewater's Pub,39.95528,-75.18251,3.5,162,"American (New), Bars, Restaurants, Nightlife"
WXwRcHGaV8W3twAOJtWlew,Village Burger,39.9424508214,-75.1420305669,1.5,16,"Restaurants, Burgers, Food, Food Trucks"
0zWAsCBzvuCI_Ydx7yH1Jw,Shing Kee,39.9346322655,-75.1551747608,4.0,84,"Noodles, Chinese, Restaurants, Soup"
0a8t_Th0jtWUMmtq0q2dqA,DK Sushi,39.9531984523,-75.1928739332,3.5,30,"Sushi Bars, Japanese, Restaurants"
BzQiDngZIG0MfbjJFg-yUQ,The Post,39.9524469799,-75.1836892962,4.0,46,"Bars, Nightlife, Arts & Entertainment, Restaurants, Arcades, Beer Bar, Cocktail Bars, Burgers, Chicken Wings"
Derr7dcpu_BRwl8OwGQtyg,Pizza Wings Steaks,39.960644,-75.189224,3.0,41,"Chicken Wings, Pizza, Restaurants, Steakhouses, Sandwiches, Vegan, Vegetarian"
KgozvZ1UFfXuJToqe8CfQg,Fortune Chinese Restaurant,39.9444060526,-75.1728806172,3.5,87,"Chinese, Restaurants"
nsZMsV91PfYQ8w2lbktpjA,Non Stop Pizza & Grille,40.022248,-75.0472798,3.5,13,"Restaurants, Pizza"
v7ibuvyZutqZ7pjMCH1exg,Frank's Spaghetti House,40.056184,-75.061858,3.5,43,"Italian, Restaurants, Bars, Wine Bars, American (New), Nightlife"
bSWL0YxfawjS03_g2kgujA,Allegro Pizza,39.9514453,-75.2029159,3.0,221,"Sandwiches, Restaurants, Pizza, American (Traditional), Italian"
ipaHtb0jzsnzuxkjQxvxgQ,Solly Pizza,40.0618594,-75.0520111,4.0,40,"Restaurants, Pizza"
NeY1bH6IKJxnn4YAixibsQ,Cosi,39.9536708974,-75.1949572908,2.5,115,"Coffee & Tea, Restaurants, Sandwiches, Food"
d_tRshM-w6S4QxE4VVi8tQ,Jones,39.9493144,-75.1525254,3.5,1141,"American (New), Restaurants, Southern, Diners, American (Traditional)"
QrIV69RPS4LTpIwPoL22_w,Applebee's Grill + Bar,39.993173,-75.092621,2.5,55,"Bars, Fast Food, Sports Bars, Chicken Wings, Restaurants, Steakhouses, Nightlife, American (Traditional), Burgers"
RZtGWDLCAtuipwaZ-UfjmQ,LaScala's,39.949529,-75.152139,3.5,367,"Pizza, Restaurants, Italian, Salad"
alUk6OwNhofyc90NDMDY-Q,Fabio's Chicken Restaurant Takeout,40.0232879,-75.1237642,4.5,14,"Latin American, Restaurants, Chicken Wings"
kimOwpoIWzJJx7NHTAj74Q,Little Kitchen,40.0000840441,-75.2284179916,2.5,50,"Thai, Restaurants, Japanese, Chinese"
mbglgx3nbRRPKxh0SxDjNQ,Parada Maimon,39.9590025431,-75.1582302558,4.5,202,"Latin American, Caribbean, Dominican, Mexican, Restaurants"
OHplb2m_dKPXY46mS0CqJQ,Stella Sera,40.0770647,-75.2087089,4.0,48,"Italian, Restaurants"
iX-B-N84nktxvhSwTYSfDw,Nauti Mermaid Crab House,39.9480691001,-75.1430340484,4.0,108,"Restaurants, Seafood, Piano Bars, Nightlife"
6_HDH0EIt2QvX0adkZdsTw,Goree,40.0334671,-75.1159524,3.5,19,"Imported Food, Specialty Food, Food, Ethnic Food, Restaurants, Halal, Senegalese, African"
eLbKuFpCtHEjCkoWkDDk7g,Trattoria Carina,39.9488052,-75.1779537,4.5,213,"Restaurants, American (Traditional), Italian"
eM5CowLA4lGmATovJrLRXQ,Al's Italiano Pizzeria & Ristorante,40.0605711,-75.0448466,3.5,23,"Delis, Sandwiches, Restaurants, Pizza, Desserts, Italian, Food"
xz3z2vqP8XkAsA11HA9pDg,Smokey Pint,40.001447,-75.07655,4.0,37,"Beer Bar, Nightlife, Comfort Food, Restaurants, Bars, Barbeque"
CinrOH8rMB2hEvPY_iFOHA,Casselli's Ristorante,40.1414879,-74.9846616,3.5,39,"Restaurants, Italian"
JZVK_yoV48O_2gDykG_1Ow,Bonks Bar,39.9863915,-75.0943523,4.0,35,"Seafood, Nightlife, Bars, American (Traditional), Restaurants"
lIOEBs50Uk45ehz7zrtYmQ,Tandoori Of India,39.922337,-75.164854,4.0,71,"Indian, Venues & Event Spaces, Desserts, Food, Salad, Halal, Event Planning & Services, Restaurants"
gSw5N8h5lpC4XGw_nthyrQ,Sorrento's Pizza,40.038781,-75.149469,2.5,39,"Restaurants, Pizza"
4SQ5uczVt66-GGGeNQRfEA,Rotten Ralph's,39.9484876,-75.1442086,2.5,200,"Nightlife, Restaurants, American (Traditional), Pubs, Bars"
vCHNWdW-ys-nWUx3Cpvk8Q,Swiss Haus Cafe & Pastry Bar,39.9507452,-75.1701679,4.0,261,"Bakeries, Kosher, Food, Restaurants, Coffee & Tea"
htO_nlxkEsYHzDrtbiUxew,La Colombe Coffee,39.9506099,-75.172368,4.0,614,"Restaurants, Food, Coffee & Tea"
DsKzHnkLKnxZTVsFpts4oA,Red Owl Tavern,39.9492805,-75.1489288,3.5,618,"Breakfast & Brunch, American (New), Restaurants"
eznriqn0sKt0D594H5OCcA,La Fonda De Teresita,39.9304879336,-75.1582029462,4.0,43,"Mexican, Restaurants"
gHMN4jk8kjG50CH-IRY2Dw,Arbys Roast Beef,39.9788169932,-75.1191148148,2.5,19,"Sandwiches, American (Traditional), Fast Food, Restaurants"
AxcyIxsjJbRNG2RFTguavw,Mike's Hot Dog Cart,39.9223806,-75.1869289,5.0,22,"Food Stands, Restaurants"
zNi8ceY3sLBXZoTUstjrvg,Burger Lane,39.9973553,-75.1669794,2.0,14,"Restaurants, Burgers"
7crp8LZA4HbkMAKyh8Wcdg,Romano's Pizza Express,39.9952251,-75.1393742,2.5,24,"Restaurants, Pizza"
NBlB85ch_WCxYJ4fPWHxJA,MexiCali,39.954940073,-75.2023024894,4.5,50,"Mexican, Food Trucks, Restaurants, Food"
9gObo5ltOMo6UgsaXaHPWA,R2L,39.9516172612,-75.167190457,3.5,787,"American (New), Lounges, Nightlife, Cocktail Bars, Bars, Restaurants"
LrMVQ2TlZyS82qTkDM9mxw,Feltonville Express Pizza,40.0236527,-75.1243229,2.0,26,"Restaurants, Pizza"
Z5po0aTuzKKblek5y6Sp8Q,500 Degrees,39.9503631,-75.1662246,3.5,443,"Food, Burgers, Restaurants"
GNnDvJwtA9C1XFf-yv4KVA,La Marqueza - Food Truck,39.9610084469,-75.1666989129,4.5,23,"Mexican, Breakfast & Brunch, Food Trucks, Street Vendors, Restaurants, Food Stands, Food"
tqBkgu2wyCjYBWuTQoy2aw,Orchard Smoothie and Cafe,39.9349405,-75.1636927,3.0,34,"Cafes, Restaurants, Food, Juice Bars & Smoothies"
L2pmVQMrpY-yZwZkZoRt5g,Giovanni's Pizzeria,40.0334795,-75.1758562,2.5,46,"Restaurants, Sandwiches, Italian, Pizza"
fAKJLkzh71-K8ra82xZJWw,Liberty Bar & Grill,39.9538230896,-75.1769866943,4.0,69,"Nightlife, Dance Clubs, Bars, Restaurants, American (New), Dive Bars, Pubs, Sports Bars, Food, Beer, Wine & Spirits"
D2gONomZQyRjxR3TMHJovw,Wawa,39.949233,-75.164075,3.0,79,"Sandwiches, Food, Gas Stations, Restaurants, Coffee & Tea, Automotive, Convenience Stores"
toMVWIsPJmS7-LiLAf2AfA,Ippolito's Seafood,39.9049727,-75.1588247,4.0,101,"Food, Grocery, Specialty Food, Sandwiches, American (Traditional), Butcher, Fish & Chips, Seafood Markets, Restaurants, Seafood, Salad"
FKrP06TDAKtxNG1vrRQcQQ,Johnny Rockets,39.9419525,-75.1505858,2.5,110,"Burgers, American (Traditional), American (New), Restaurants, Sandwiches, Fast Food"
vR9SKMvXCXyrl6u5ouWHBQ,Chan's Halal Restaurant,39.9798334,-75.232945,3.0,44,"Asian Fusion, Chinese, Restaurants, Halal"
R76nXl5oTep-d1ZGPZSimQ,Trio Breakfast & Lunch,40.03145806,-75.1788476379,3.0,35,"Restaurants, Chinese, American (Traditional), Fast Food, Breakfast & Brunch"
NB9wGhMqy27suWqNzk3laA,Ariana,39.9481961938,-75.1437439718,4.0,115,"Middle Eastern, Afghan, Restaurants"
FIQZMB4G1pfqOAByuJ1SYA,Ruby Garden Restaurant,40.041631,-75.06483,3.0,26,"Dim Sum, Diners, Seafood, Restaurants, American (Traditional), Chinese, Cantonese"
a93-oNkJsUWOCiHu5O9xLA,Burger King,40.0879342598,-74.9671626596,2.0,19,"Fast Food, Burgers, Restaurants"
LACylKxImNI29DKUQpWuHw,Burger King,39.949709197,-75.1549760369,2.0,32,"Restaurants, Burgers, Fast Food"
DRnvSL_I8MLuTLhl6O4JBQ,Gennaro's Tomato PIE,39.9299503,-75.162894,3.5,49,"Pizza, Restaurants"
HSXvx9ajd9cGDzYIScmrig,TyeMeka's Soul Food,40.0381549,-75.1769466,3.5,27,"Restaurants, Soul Food"
eaDZlSuVS0EY67Ke6pRP6Q,Penang,39.954044,-75.15598,3.5,1112,"Malaysian, Asian Fusion, Cambodian, Chinese, Restaurants, Thai"
Dv6RfXLYe1atjgz3Xf4GGw,HipCityVeg,39.950774,-75.170397,4.0,1082,"Burgers, Vegetarian, Restaurants, Vegan"
9iBlpXwgBFLVnx6RmHsiCQ,Foods On First,39.954879,-75.1644704,3.5,96,"Sandwiches, Cheesesteaks, Restaurants, Event Planning & Services, Diners, Caterers, American (Traditional), Breakfast & Brunch"
9PCPV34KV1B_E3v1IUi4tQ,African Small Pot,39.9255169287,-75.2345210196,4.0,49,"Restaurants, Senegalese, African"
F8yozE3NWnImNApHO347gQ,Marrakesh,39.9420436,-75.1495102,4.5,659,"Restaurants, Mediterranean, Moroccan"
BJphaOPeTtqUFF5pauQEhw,Los Caballos Locos,39.9179108,-75.1491694,4.5,31,"Salvadoran, Desserts, Mexican, Restaurants, Food, Southern, Latin American"
UhSVDwQFW6mKmaEA5OTU7A,Sansom Kabob House,39.950303,-75.166856,4.0,128,"Vegetarian, Middle Eastern, Restaurants"
NVN_23yYJDf_RAinqFICDA,Hot Diggity!,39.9419555,-75.1532373,4.5,191,"Hot Dogs, Restaurants, Vegetarian"
eMiN8nm70jjKg8izikVWDA,Chickie's & Pete's,39.9114175,-75.1745111,3.5,590,"Seafood, Nightlife, Sports Bars, Bars, Restaurants, American (New)"
tJCnUtGdyPyOGt5kudLrTA,Wise Guys Pizza & Steaks,39.95703,-75.203031,3.5,22,"Pizza, Cheesesteaks, Restaurants, Chicken Wings"
QjktE2M71v56CVHERuyiTg,Layalena Hookah Lounge,39.962279,-75.141283,4.5,21,"Cafes, Bars, Nightlife, Restaurants, Middle Eastern, Hookah Bars"
CldkS_vTY-vQKYw3LPXpuw,Domino's Pizza,40.0275052,-75.2094578,2.0,40,"Pizza, Chicken Wings, Restaurants, Sandwiches"
JUlsvVAvZvGHWFfkKm0nlg,El Camino Real,39.9673004,-75.1403984,3.5,1014,"Mexican, Tex-Mex, Restaurants, Barbeque"
0zf4KKZqbqoxiuKzeZLDdg,PrimoHoagies,39.949216187,-75.1590522333,3.5,65,"Italian, Sandwiches, Restaurants"
I9DCtzUgR4gamBFMVsdY8g,Capital Beer,39.976126,-75.119234,3.5,75,"Chinese, Restaurants, Sushi Bars"
piUZEndStsWNnRUwOPk8jA,King's Garden,40.074311,-75.202909,3.5,83,"Chinese, Cantonese, Restaurants, Beer, Wine & Spirits, Food"
jOhRFAJYBHU3chGwg1e4_A,1st NE International Market,40.0415935137,-75.0547986031,3.0,13,"Food, Grocery, Restaurants, International Grocery, Asian Fusion"
OHzX-ZD9qyoeoxR8Z0dlIA,Khyber Pass Pub,39.9486423,-75.1441173,4.0,845,"Restaurants, American (Traditional), Bars, Pubs, Nightlife, Gastropubs"
VRnJgj0IvxoksHppE78X2Q,Lee How Fook,39.9562631,-75.1570795,4.0,231,"Dim Sum, Restaurants, Cantonese, Chinese"
tQYOAfl33tmP4oWpfyRr6g,El Sabor Poblano,39.9358187,-75.1686973,3.5,56,"Mexican, Latin American, Restaurants, Breakfast & Brunch"
0mijbNf-7wiKJ9xto1pAyg,Spice Finch,39.9493776356,-75.169540979,4.5,325,"Breakfast & Brunch, Restaurants, Mediterranean"
Zh8X1au_crT9jBs2LlPb2Q,Aldine,39.9519296405,-75.1721942396,4.0,156,"Restaurants, Nightlife, Breakfast & Brunch, American (New), Cocktail Bars, Bars"
EtKSTHV5Qx_Q7Aur9o4kQQ,Village Whiskey,39.9514165949,-75.1737677917,4.0,1553,"Bars, Nightlife, Whiskey Bars, Burgers, Restaurants, American (New)"
TZ_pTn6SeZwRcnx6v3bREQ,Tsaocaa,40.026369,-75.2251847,4.5,53,"Ice Cream & Frozen Yogurt, Restaurants, Chicken Wings, Food, Bubble Tea"
E1gf1YIWOo1BgzMUwJtEZg,Top Tomato Bar & Pizza,39.9495688,-75.1589615,3.5,232,"Pizza, Breakfast & Brunch, Nightlife, Sandwiches, Italian, Restaurants, Cheesesteaks, Food Delivery Services, Cocktail Bars, Sports Bars, Food, Bars"
mj29-9AHH3OfaGWLPM2Jnw,Tankie's Tavern,39.914962,-75.176638,4.0,25,"Salad, Sandwiches, Restaurants, Pizza"
DXYhpEv17mWqSqFjau7vhg,Eatalia,39.9749514719,-75.1184531736,4.0,166,"Italian, Restaurants"
bUnqKEP7h48ePxHMXV0fNw,Bridesburg Pizza,40.0016758779,-75.0653133347,3.5,18,"Pizza, Restaurants"
Gw7UW0E2BguzL9suQnwDeg,SPOT Gourmet Burgers,39.9747101233,-75.1825701445,4.5,282,"Restaurants, Food, Cheesesteaks, Food Trucks, Burgers"
f88P1gIbRpRzsYAHj9hGdA,Sid Booker's Shrimp,40.0233829,-75.1483587,3.5,59,"Restaurants, Food, Seafood"
r-kln94enJMMmCWmzbXO2g,Kermit's Bake Shoppe,39.9394185445,-75.1803047991,4.0,183,"Food, Restaurants, Bakeries, Pizza"
dWoYU1l6t7_VB2LHYLHxmw,Olde City Food Market,39.949726,-75.1440717,3.0,29,"Grocery, Breakfast & Brunch, Delis, Food, Convenience Stores, Restaurants, Sandwiches"
eeKJYP614nNnDwnjKpl7XA,Punch Buggy Brewing,39.9736435923,-75.1395907626,4.0,24,"Breweries, Brewpubs, Food, Hot Dogs, Restaurants, Sandwiches"
2SYEGA2fZLdzZQ9lmIfM5Q,Urban Village Brewing Co,39.9667,-75.13997,4.0,221,"American (New), Bars, Food, Pubs, Breweries, Pizza, Restaurants, Nightlife"
u7_3L1NBWgxhBM_B-cmmnA,Pizzeria Vetri,39.960888,-75.171213,4.0,651,"Italian, Pizza, Restaurants, Salad"
x1CpCXik31TwTtMPMcrcug,"A Tutti, Ristorante Italiano",40.018238,-75.2115092,4.5,78,"Restaurants, Pizza, Coffee & Tea, Italian, Food"
EAtdpksdWfWAaqh3XdnNNg,Essene Market & Café,39.9399804,-75.1492562,3.5,149,"Restaurants, Food, Vegetarian, Organic Stores, Health Markets, Bakeries, Specialty Food, Grocery"
XQWZQjC73fCTRGWnD18-Eg,Mac Mart,39.9514489,-75.1705213,4.0,321,"American (Traditional), Restaurants, American (New)"
uVJkqQ1U9MH7hBorrwGhBg,Wishbone,39.9539029,-75.204325,3.5,191,"Thai, Restaurants, Coffee & Tea, Chicken Wings, Comfort Food, Food, Specialty Food, American (New), Chicken Shop"
vcyyzUqEiCTSrFmHgqvxpg,SALERNO'S Ristorante & Pizzeria,40.0512797,-75.0943052,4.0,44,"Pizza, Restaurants, Italian"
YtSqYv1Q_pOltsVPSx54SA,Rittenhouse Grill,39.9489487,-75.1695317,3.5,290,"Wine Bars, Restaurants, Nightlife, Steakhouses, Seafood, Bars"
rQW9iupvhk6ScPn2VPNLVQ,Octopus Falafel Truck,39.952932,-75.173293,4.5,420,"Food Trucks, Falafel, Food Stands, Food, Mediterranean, Restaurants, Middle Eastern"
PYUI1OJVksGUbCrteU68bw,Bourbon & Branch,39.96207,-75.14104,4.0,392,"Bars, American (Traditional), Breakfast & Brunch, Music Venues, Arts & Entertainment, Nightlife, Restaurants"
pHBwvBG3iZdOfpLNZTkVWQ,Pasqually's Pizza,39.9545323,-75.2089392,4.0,96,"Italian, Food Delivery Services, Beverage Store, Food, Pizza, Restaurants, Beer, Wine & Spirits"
CUksnsKMcWykT-rm0Lnw-w,South Philly Smökhaus,39.9251920306,-75.1600814983,4.0,22,"Restaurants, Smokehouse, Barbeque, Food"
X3pLW1Fq9SlbrUFsxgynwA,Moy Fong Restaurant,40.0608409,-75.1672091,3.5,25,"Restaurants, Chinese"
5eldbLrF_oodWvu1VuEP8w,1925 Cocktail Lounge,39.9510336,-75.1686696,2.5,47,"Restaurants, Bars, Adult Entertainment, Lounges, American (New), Nightlife"
KnyuQ1D7QE7X8eMk8T3kTA,Tasties,40.0317308,-75.1677993,2.5,63,"Soul Food, Restaurants"
qDkbudGRfmJvf7trQZea4g,Ruth's Chris Steak House,39.9472570078,-75.164857377,3.0,110,"Restaurants, Steakhouses"
QvjY9esYNRMe_5kvT6TC5g,Chaat and Chai,39.9245858,-75.1726715,4.0,50,"Pakistani, Indian, Restaurants"
OKPUO8zvBBL-OA6-SfDx8Q,Heirloom Fine American Cookery,40.077882,-75.2088615,4.0,87,"American (Traditional), Restaurants"
1DkolDhbc0kydORZCIp7Fw,Night Market,39.9542677,-75.1678993,3.0,66,"Food Stands, Restaurants, Local Flavor"
aCHS5pnDjChkHpFo4-EfKg,Bistro La Baia,39.945162,-75.1702591,3.5,225,"Italian, Restaurants"
TQloD2_k3J67Q1J_picgfw,Wawa,39.9771998493,-75.1184864286,2.5,43,"Convenience Stores, Sandwiches, Restaurants, Coffee & Tea, Food"
wUnLSg_GKfEIQ5CQQ770_g,Vetri Cucina,39.9466441,-75.1631867,4.5,489,"Italian, Cuban, Restaurants"
LWxC1AisOHQV-cfo5tprLQ,Burrito Bonito,39.9496713,-75.1442542,3.0,24,"Mexican, Restaurants"
DRr5xdfHtqgWfhmdTU1B8Q,London Grill,39.9675638,-75.1754915,3.0,350,"Breakfast & Brunch, Italian, Restaurants, American (New)"
_RwlMTw9uFeOkfX9Ctf1HA,Dinardo's Famous Crabs,39.9540048,-75.1454969,2.5,256,"American (Traditional), Food, Restaurants, Seafood"
4-TKASCNK5-XBWdXmeXWbA,Wawa,39.950533787,-75.1619937165,2.5,21,"Food, Coffee & Tea, Convenience Stores, Sandwiches, Restaurants"
L3V21nAe-CicW2bvtNWa0g,Mixx Japanese Cuisine and Noodle Bar,39.953333,-75.156571,3.0,118,"Sushi Bars, Restaurants, Japanese, Asian Fusion"
45tvAZaoMo0VhsJvPHf9sw,Lite Choice,39.9497521,-75.1674681,3.0,29,"Ice Cream & Frozen Yogurt, Gluten-Free, Food, Restaurants, Juice Bars & Smoothies"
u9XTeDl_If4U5Eixl6ys7g,The Foodery,39.9639423223,-75.1405212045,4.0,156,"Nightlife, Food, Delis, Bars, Beer, Wine & Spirits, Restaurants"
VD4Rdyj0tauBckrTYgIcpQ,The Concourse at Comcast Center,39.9547208,-75.1689532,3.0,48,"Restaurants, Food, Shopping Centers, Shopping"
GFBuCSY2jMRzg-E7Zhg1SA,Don Panchito Mexican Grill,40.0693548,-75.0084942,4.0,82,"Halal, Restaurants, Mexican, Steakhouses"
P1DkSlegzHKdxJAXe0QevA,Kumo Hibachi Sushi,39.9571569052,-75.208009522,3.5,39,"Restaurants, Food Delivery Services, Food, Sushi Bars"
tJPaPZwRqFmDSEc8VEx9hA,Cosi,39.95572,-75.1819072,2.0,70,"Food, Sandwiches, Restaurants, Coffee & Tea, Salad"
_9x1oSQghxEPuUeb5NPShw,Fez Moroccon Restaurant,39.9405590859,-75.1458802706,3.0,147,"Bars, Event Planning & Services, Nightlife, Venues & Event Spaces, Restaurants, Hookah Bars, Moroccan"
YAUUdbESr8BYQ_TFgDjT5Q,Tokai Sushi Hibachi Steakhouses,40.0865991051,-75.0379489,4.0,209,"Asian Fusion, Sushi Bars, Japanese, Steakhouses, Restaurants"
PKrOUk8IXuiRWN-z6uR_xw,Village Bar and Kitchen,39.9400552,-75.1509519,4.5,22,"Restaurants, Cocktail Bars, Nightlife, Salad, American (New), Bars, Wine Bars"
ceSjm0nHamTmAd1tWcuDhw,Bread & Butter Philly - Breakfast Junction,40.0797906,-75.1736235982,4.5,22,"Food, American (Traditional), Breakfast & Brunch, Juice Bars & Smoothies, Restaurants"
GUMVStVaJfWmCIpQA4TtHg,Crazy Sushi,39.952045,-75.17167,4.0,550,"Restaurants, Japanese, Sushi Bars"
GmJDCmDhtKbjofeO35yBrw,The Freshworks of Port Richmond,39.97961,-75.117647,4.5,66,"Delis, Salad, Cheesesteaks, Wraps, Restaurants, Sandwiches"
4S_yN5o0EvXvV6GNvesTKw,Sister Muhammad's Kitchen,40.022826208,-75.1590914279,4.0,126,"Restaurants, Halal, American (Traditional), Bakeries, Food, Soul Food"
U09S6VSTWCKteCDa72Td7Q,Watami Sushi & Hibachi,40.103147,-75.0102491,4.5,22,"Restaurants, Japanese, Sushi Bars, Soup, Seafood"
1_BzX6o0O6w_9yx9NczMrg,Wawa,40.0403385055,-75.2234230242,3.5,48,"Food, Restaurants, Delis, Convenience Stores, Sandwiches, Coffee & Tea"
3pbc89Mbi-L7HjuAw-DQfw,Common Grounds Philly,39.9790629,-75.162316,2.5,36,"Breakfast & Brunch, American (Traditional), Food, Soup, Coffee & Tea, Restaurants"
uBDXcXlLR9IuRV1N2m0SPQ,Pho Street,39.9536619,-75.1754204,4.0,150,"Restaurants, Vietnamese"
H4t7YAtaDQ8bKOW452zSaA,Kopi Latte,39.9709602,-75.1274537,4.5,59,"Food, Coffee & Tea, Breakfast & Brunch, Cafes, Restaurants"
IAyHcNx5IHoLf3V4dlgFCw,Pagoda Noodle Cafe,39.9474496788,-75.1439342278,3.0,100,"Restaurants, Food, Specialty Food, Chinese"
pVHbXwsqLxNzAx9rdwy2EA,Marmont Steakhouse & Bar,39.9497397,-75.1445806,3.5,316,"American (Traditional), Steakhouses, Nightlife, Bars, Seafood, Restaurants, Lounges"
Q-prSTdggNlxAEFV88BZOw,Tria Cafe Wash West,39.9466238,-75.1609139,4.5,770,"Beer, Wine & Spirits, Wine Bars, Modern European, American (New), Cheese Shops, Specialty Food, Food, Restaurants, Bars, Nightlife"
5FuQbcHTF_I7PWJzhCMObw,Larry's Steaks,39.9958264,-75.233934,3.0,204,"Cheesesteaks, Sandwiches, Pizza, Restaurants, Delis"
nB9dev-4Wzxo4NHJkQQmUQ,Market on Ninth,39.9378087,-75.1579422,4.5,38,"American (New), Coffee & Tea, Specialty Food, Food, Sandwiches, Restaurants"
1I58IN0Ar5Qd3WnE1smgVg,Pikes Corner,40.066525,-75.158273,3.5,13,"Food, Specialty Food, Seafood, Seafood Markets, Restaurants"
-Or44IdY51Ukd618kikmtA,Federal Donuts,39.9641791314,-75.1494241306,4.0,321,"Restaurants, Donuts, Chicken Wings, Food, Coffee & Tea"
Ugoyu-TIppruxRTkbej3lA,Sole II Soul,40.0286051611,-75.2275279909,2.5,34,"Karaoke, Restaurants, Seafood, American (New), Nightlife, Soul Food"
jLDwSeoQ_kDQwhnUJQO2yw,Sansom Kabob House,39.9432697,-75.1634989,4.0,106,"Soup, Vegetarian, Afghan, Kebab, Indian, Restaurants"
QyWxTsVvvqSEpU1KNblRbQ,Say Cheese,39.9613329598,-75.1550674438,4.0,34,"Restaurants, Food, Sandwiches, Street Vendors"
zBOy9arp97nuwKuTal5Mkg,New Number One Chinese Restaurant,39.9551025,-75.208546,2.5,40,"Chinese, Asian Fusion, Restaurants"
w_JNBcdRer2wZlKMiC4hHA,Flannel,39.9272227151,-75.1663260162,4.5,113,"Southern, American (Traditional), Breakfast & Brunch, Restaurants"
1ENdYUfYzDu9yyI3-MVklA,Boostin' Bowls,40.0261216129,-75.2246050321,4.5,77,"Juice Bars & Smoothies, Acai Bowls, Restaurants, American (New), Food"
3ZynJ94VpIdDlaArmEp2Rg,More Than Just Ice Cream,39.947791,-75.1603392,3.5,239,"Food, Sandwiches, Ice Cream & Frozen Yogurt, Comfort Food, Breakfast & Brunch, Diners, Restaurants, Desserts"
Xkn6vebYLTY1aCe2J07MfA,Heffe,39.963057286,-75.1643311232,2.5,61,"Restaurants, Tacos, Latin American, Mexican, Salad, American (New)"
LfrCUDzg66jncxLvNxBnlg,Bocconcini,39.9453439,-75.1642327,4.5,163,"Gluten-Free, Pizza, Venues & Event Spaces, Italian, Restaurants, Event Planning & Services"
lRbHFOIFuusN2WOR_ypQ_A,Ants Pants Café,39.9451562,-75.179105,4.0,531,"Restaurants, Coffee & Tea, Sandwiches, Desserts, Food, Breakfast & Brunch"
PjknD8uD_0tisZQbomiYoQ,McDonald's,39.9498587626,-75.1695573452,2.0,48,"Restaurants, Burgers, Food, Coffee & Tea, Fast Food"
cXSyVvOr9YRN9diDkaWs0Q,Honey's Sit-N-Eat,39.96399,-75.1444822,4.0,1396,"Southern, Restaurants, American (Traditional)"
H9YalVFugskHF38MfJWT_w,@Ramen,39.950475902,-75.1677184179,2.5,12,"Restaurants, Japanese, Ramen"
6g3pHoyXeMXFC7WD0rbJMA,Happy Panda,40.1013209,-75.0287078,3.0,14,"Chinese, Restaurants"
D5V0Fawd6ODVgqCY8xngsw,Loews Philadelphia Hotel,39.9517461,-75.1602286,3.5,505,"Event Planning & Services, Hotels & Travel, Restaurants, Hotels, Seafood"
x03j48hmv0R7NQcUjD0MQg,Naf Naf Grill,40.0074349,-75.2124437,3.5,78,"Salad, Falafel, Restaurants, Middle Eastern, Mediterranean"
oLuOJ-3q8zJ-mhrwcR28eg,B&B Breakfast and Lunch,40.0353055,-75.173616,3.5,30,"Breakfast & Brunch, Restaurants"
Su_KoRa64akK19myzyK3xA,Tre Scalini Ristorante,39.9262103,-75.1675231,3.5,159,"Restaurants, Italian"
XahxHmkaFOAwXix2VGRAUQ,Richie's,39.9809158,-75.153284,4.5,50,"Food Stands, Restaurants, Sandwiches, Pizza, Burgers, Breakfast & Brunch, Delis, Food, Coffee & Tea"
hWuLvI5QqPyQ1x9ww0HeRw,Giorgio Pizza on Pine,39.9453439,-75.1642327,2.5,19,"Restaurants, Pizza, Italian"
-ATiAtTikuGuqvaW2O6tNA,Marathon,39.9504833638,-75.1673305865,3.5,593,"Sandwiches, American (New), Lounges, Nightlife, Bars, Restaurants, Breakfast & Brunch"
xCXGV3wEvYd4xBGx8ZRFQA,La Va Cafe,39.9449991381,-75.1770997246,3.5,201,"Restaurants, Breakfast & Brunch, Coffee & Tea, Salad, Food, Mediterranean"
Fc_8eLlcq5yy4DzrEeqEaQ,Ken's Seafood Restaurant,39.9551567,-75.1562026,3.0,95,"Seafood, Chinese, Nightlife, Restaurants, Karaoke"
uKAbrDSJJzZliY1Yqu5KxQ,Scannicchio's,39.919346,-75.171033,4.0,187,"Seafood, Italian, Restaurants, Mediterranean"
NwNGKIf_eQwvr6tzFX6eRA,ShopRite of Whitman Plaza,39.9143301122,-75.1531118029,2.5,43,"Food, Grocery, Restaurants, Delis, Bakeries"
WpxcyiUAYYQAnivqz62JtA,3J's Food Market,39.9629932991,-75.1406934857,4.5,46,"Cheesesteaks, Grocery, Delis, Food, Restaurants"
FU6CaKb9hePVMAsXO5W6pw,Aya's Pizza,39.915063,-75.240049,2.5,30,"Restaurants, Food Delivery Services, Pizza, Food"
J6MGQigHItdSlG-3XZ1myA,Bobo's Sports Bar,40.040521,-75.0769374,4.5,36,"Restaurants, Nightlife, Karaoke, Korean, Bars"
REt83ozDeIl6fCYZuAjNrA,Tran's Chinese Food Cart,39.96009,-75.189482,4.0,19,"Chinese, Food Stands, Food, Food Trucks, Restaurants"
D4PD-ZKV06keByyoouJzhg,Mack's Boardwalk Pizza,39.9156866,-75.1640201,3.0,51,"Food, Pizza, Restaurants"
y_JZFlF-4fwSIn4RJ2vMGw,Italiano's,39.917764,-75.1671583,4.5,51,"Desserts, Restaurants, Italian, Food, Ice Cream & Frozen Yogurt"
j_dA2oE0St07hd7bqLKgBg,To-Yo Japanese Restaurant,40.1246991,-75.0155235,4.0,43,"Restaurants, Sushi Bars, Japanese"
D4DZztR7vkbiED6txGUYFg,Red Kings 2 Restaurant,39.9553515,-75.1562283,3.5,68,"Nightlife, Karaoke, Food, Szechuan, Chinese, Restaurants"
AlxnbBd2JNkozNvI0OvRLQ,Murph's Bar,39.9689397,-75.1334333,4.0,315,"Italian, Dive Bars, Sports Bars, Nightlife, Irish Pub, Restaurants, Bars, Pubs"
NXwEDLZjv8dUqbc5g5dCYg,Abunai Poke,39.9497563,-75.1480623,3.0,20,"Poke, Food, Restaurants, Hawaiian"
hoYHhfn4w0mVjI60eHDHzA,Poke Bowl,39.965637,-75.140681,4.0,194,"Seafood, Poke, Food, Restaurants, Hawaiian"
0dfspevYKsugYiU1UVl94Q,Brewerytown Taproom,39.9775302,-75.1855542,3.0,12,"Brewpubs, Food, Restaurants, American (Traditional), Breweries"
IH_ZeeTh13jQURbh31d1Kw,Bui's,39.9512903,-75.1992768,4.5,104,"Restaurants, Vietnamese, Sandwiches, Local Flavor, Food Stands"
LlT0_n7AU4C-WBP-I5DkeA,Pizza Hut,40.093788,-75.0317830592,1.5,18,"Italian, Chicken Wings, Restaurants, Pizza"
u-8sFq05DQ6PYCR5HiKZ2w,Axis Pizza,39.9553365,-75.1946097,3.0,159,"Pizza, Food, Restaurants, Sandwiches, Burgers, Coffee & Tea, Italian"
DJJtybSWY0BygESsSrabqg,Texas Wieners,39.9243351,-75.1708176,4.0,42,"Breakfast & Brunch, Restaurants, American (Traditional), Burgers, Food, Hot Dogs"
5oARHKPqDvT4x5blRvPjXg,New Tavern Bar,39.9542243,-75.212136,4.0,10,"Venues & Event Spaces, Nightlife, Restaurants, Event Planning & Services, Ethiopian, Bars, American (Traditional), Hookah Bars"
4TRaSx4vcKfhm9Jx-heiqg,Cleopatra Cafe,39.9563712,-75.2061225,2.0,56,"Cafes, Bars, Restaurants, Hookah Bars, Nightlife, Wine Bars"
-CRjqZ4GxZ6lIa_qMj7-yw,Spring Chinese Restaurant,39.9602344,-75.1966365,3.5,58,"Chinese, Restaurants"
s3Q1J4XEVOBiZy9dYUpqpg,Green Eggs Cafe,39.9769736,-75.1241144,3.5,93,"Breakfast & Brunch, Restaurants"
3lBooCffgkW7tVSG5kILBA,Porcini,39.951348,-75.1751139,3.5,317,"Restaurants, Italian"
uIZwBkvWicqyWraXvYOipw,Sbraga,39.9455017733,-75.1653677598,4.0,375,"Restaurants, American (New)"
GneLbZUn_GrzMz-GE6KfRg,Wawa Food Markets,39.9622478,-75.1729739,4.0,15,"Restaurants, Delis"
krTHKI0YOpASr4gz2CVWFw,Cosi,39.9481797,-75.1660502,2.5,56,"Restaurants, Sandwiches, Breakfast & Brunch, Salad"
udsU77Rh2wAN7tEOmIUY7w,Binto,40.0256599048,-75.2235197648,4.0,25,"Restaurants, Grocery, Cafes, Food, Thai, Asian Fusion, Vietnamese"
Oun4NN-u5yiHIxDqtJnxgA,Federal Donuts,39.932223,-75.147463,4.0,530,"Restaurants, Korean, American (Traditional), Breakfast & Brunch, Donuts, Food, Coffee & Tea"
TCROPjxfzCZzrQjqLqstSg,Red Cup Cafe & Hookah Lounge,39.9625769974,-75.1447479799,4.0,53,"Coffee & Tea, Hookah Bars, Nightlife, Bars, Food, Restaurants, Cafes"
